url,name,address,city,state,phone
http://www.profaccountingandtax.com/,Results,"îƒˆ247-05 Union Tpke, Bellerose, NY 11426",Bellerose,NY,î‚°(516) 424-5161
https://etc-cpa.com/,Results,"îƒˆ94-24 226th St, Floral Park, NY 11001",Floral Park,NY,î‚°(516) 775-2722
https://www.pinkyannthomascpa.com/,Results,"îƒˆ247-01A 77th Crescent, Bellerose, NY 11426",Bellerose,NY,î‚°(516) 253-0523
http://singhaccounting.com/,Results,"îƒˆ249-12 Jericho Tpke Ste 230, Bellerose, NY 11426",Bellerose,NY,î‚°(516) 637-1426
http://cpaswami.com/,Results,"îƒˆJericho Tpke, Bellerose, NY 11001",Bellerose,NY,î‚°(516) 510-9649
https://www.wffaadvisors.com/,Results,"îƒˆ66 S Tyson Ave, Floral Park, NY 11001",Floral Park,NY,î‚°(516) 328-3800
https://taxproaccountants.com/,Results,"îƒˆ87-77 254th St, Jamaica, NY 11426",Jamaica,NY,î‚°(929) 928-1422
http://www.harmonyaccounting.com/,Results,"îƒˆ245-6 Jericho Tpke #107, Bellerose, NY 11001",Bellerose,NY,î‚°(718) 206-1518
https://ndhilloncpa.com/,Results,"îƒˆ253-15 80th Ave, Floral Park, NY 11004",Floral Park,NY,î‚°(718) 874-6070
http://www.ck-cpas.com/,Results,"îƒˆ199 Jericho Tpke #400, Floral Park, NY 11001",Floral Park,NY,î‚°(516) 437-8200
http://www.mastertaxservicesjjf.com/,Results,"îƒˆ122 Plainfield Ave, Floral Park, NY 11001",Floral Park,NY,î‚°(516) 965-6734
http://www.romanbelluscicpafirm.com/,Results,"îƒˆ8 Verbena Ave #2, Floral Park, NY 11001",Floral Park,NY,î‚°(516) 326-2918
https://smileytax.net/,Results,"îƒˆ237-33 Jamaica Ave, Bellerose, NY 11426",Bellerose,NY,î‚°(516) 673-4677
https://accountingfunction.com/,Results,"îƒˆ24406 Jericho Tpke, Bellerose, NY 11001",Bellerose,NY,î‚°(516) 510-9649
https://www.davidofftax.com/,Results,"îƒˆ2 Brokaw Ave, Floral Park, NY 11001",Floral Park,NY,î‚°(718) 790-3902
https://www.rosovichassociates.com/?utm_source=google&utm_medium=google_business_profile&utm_campaign=website_click,Results,"îƒˆ261-02 Union Tpke, Floral Park, NY 11004",Floral Park,NY,î‚°(516) 597-7449
http://www.frandinacpa.com/,Results,"îƒˆ99 Tulip Ave #107, Floral Park, NY 11001",Floral Park,NY,î‚°(516) 616-0862
https://empiretaxusa.com/long-island-office/,Results,"îƒˆ70 Sunrise Hwy Ste 500, Valley Stream, NY 11581",Valley Stream,NY,î‚°(212) 300-5776
https://mlongobarditax.com/,Results,"îƒˆ9 Vernon St, Floral Park, NY 11001",Floral Park,NY,î‚°(516) 358-4373
http://www.snpcpa.com/,Results,"îƒˆ21 Vernon St, Floral Park, NY 11001",Floral Park,NY,î‚°(516) 216-5695
https://paladinocpa.com/,Results,"îƒˆ88-19 Winchester Blvd, Queens, NY 11427",Queens,NY,î‚°(347) 924-0180
https://bdhcpa.com/,Results,"îƒˆ99 Tulip Ave, Floral Park, NY 11001",Floral Park,NY,î‚°(516) 437-9300
http://rtwomey.com/,Results,"îƒˆ247-07 Jericho Tpke a3, Bellerose, NY 11426",Bellerose,NY,î‚°(718) 347-4913
https://www.carousso.com/,Results,"îƒˆ36-01 208th St, Bayside, NY 11361",Bayside,NY,î‚°(718) 423-1100
https://www.hrblock.com/tax-office-near-me/new-york/bellerose/29735/?otppartnerid=9308&campaignid=pw_mcm_9308_9762&utm_medium=local,Results,"îƒˆ249-16 Hillside Ave., Bellerose, NY 11426",Bellerose,NY,î‚°(718) 343-6554
http://gracenkenkecpa.com/,Results,"îƒˆ221-10 Jamaica Ave, Queens Village, NY 11428",Queens Village,NY,î‚°(718) 468-1240
https://www.snpcpapc.com/about,Results,"îƒˆ1985 Marcus Ave Suite 209, North New Hyde Park, NY 11042",North New Hyde Park,NY,î‚°(646) 366-9699
https://www.valkyrieaccounting.com/,Results,,Bellerose,NY,î‚°(347) 292-1835
http://cpas-mb.com/,Results,"îƒˆ199 Jericho Tpke #400a, Floral Park, NY 11001",Floral Park,NY,î‚°(973) 475-5015
http://www.alirezacpa.com/,Results,"îƒˆ255-12 Hillside Ave., Queens, NY 11004",Queens,NY,î‚°(718) 343-5058
http://www.singhandshah.com/,Results,"îƒˆ261-20 Hillside Ave., Glen Oaks, NY 11004",Glen Oaks,NY,î‚°(718) 343-4343
http://www.eliteincometax.com/,Results,"îƒˆ199 Jericho Tpke suite 402, Floral Park, NY 11001",Floral Park,NY,î‚°(718) 776-7620
https://www.floresbookkeepingconsulting.com/,Results,"îƒˆ224-12 93rd Ave, Queens Village, NY 11428",Queens Village,NY,î‚°(347) 922-2064
https://dobsonstax.com/,Results,"îƒˆ218-48 99th Ave, Jamaica, NY 11429",Jamaica,NY,î‚°(718) 479-9191
http://www.grantcompanycpa.com/,Results,"îƒˆ109-71 Francis Lewis Blvd, Jamaica, NY 11429",Jamaica,NY,î‚°(718) 740-7950
https://yuriycpa.com/,Results,"îƒˆ77-36 167th St, Fresh Meadows, NY 11366",Fresh Meadows,NY,î‚°(718) 874-0110
https://shelterrockcpa.com/,Results,"îƒˆ2137 Jericho Tpke, Garden City Park, NY 11040",Garden City Park,NY,î‚°(516) 266-6640
https://www.empiretaxusa.com/,Results,"îƒˆ189-19 Union Tpke, Fresh Meadows, NY 11366",Fresh Meadows,NY,î‚°(718) 790-4221
https://www.andrewpiericpa.com/,Results,"îƒˆ86-119 Marengo St, Hollis, NY 11423",Hollis,NY,î‚°(718) 217-3941
http://www.nycpapro.com/,Results,"îƒˆ45-02 Ditmars Blvd #1000, Astoria, NY 11105",Astoria,NY,î‚°(347) 952-4700
http://robertjkleincpa.com/,Results,"îƒˆ40-21 214th Pl, Flushing, NY 11361",Flushing,NY,î‚°(718) 423-8984
http://www.smileytax.net/,Results,"îƒˆ237-33 Jamaica Ave, Jamaica, NY 11426",Jamaica,NY,î‚°(646) 321-5801
https://a1taxhelp.com/,Results,"îƒˆ2 Brokaw Ave, Floral Park, NY 11001",Floral Park,NY,î‚°(516) 298-7226
